Regione;Età;Totale Maschi;Totale Femmine
Piemonte;0;14055;13122
Piemonte;1;14174;13661
Piemonte;2;14720;14273
Piemonte;3;15680;15180
Piemonte;4;16393;15670
Piemonte;5;17125;15713
Piemonte;6;17440;16730
Piemonte;7;18071;16980
Piemonte;8;18775;17628
Piemonte;9;19108;17619
Piemonte;10;19396;18202
Piemonte;11;19855;18773
Piemonte;12;20131;18821
Piemonte;13;20042;18925
Piemonte;14;19773;18601
Piemonte;15;19722;18467
Piemonte;16;19790;18378
Piemonte;17;19790;18534
Piemonte;18;19339;18493
Piemonte;19;19699;18457
Piemonte;20;20703;19064
Piemonte;21;20776;18618
Piemonte;22;21397;18877
Piemonte;23;20941;19158
Piemonte;24;20890;18847
Piemonte;25;20740;18947
Piemonte;26;20800;19328
Piemonte;27;21112;19643
Piemonte;28;21738;20443
Piemonte;29;21849;20630
Piemonte;30;22629;21084
Piemonte;31;22073;21018
Piemonte;32;22662;21591
Piemonte;33;21840;21428
Piemonte;34;22357;21583
Piemonte;35;22779;22405
Piemonte;36;22736;22669
Piemonte;37;23546;23287
Piemonte;38;24415;24267
Piemonte;39;24404;24524
Piemonte;40;25095;25121
Piemonte;41;25868;25609
Piemonte;42;27466;27590
Piemonte;43;28748;29251
Piemonte;44;30113;30534
Piemonte;45;31876;32416
Piemonte;46;33468;33651
Piemonte;47;33591;33410
Piemonte;48;34221;34400
Piemonte;49;34515;35237
Piemonte;50;34203;34799
Piemonte;51;35382;36050
Piemonte;52;35131;35809
Piemonte;53;34983;35868
Piemonte;54;35392;35996
Piemonte;55;35030;35996
Piemonte;56;35312;36628
Piemonte;57;32948;34189
Piemonte;58;31464;33176
Piemonte;59;31050;32729
Piemonte;60;29971;31724
Piemonte;61;29406;30609
Piemonte;62;28368;29977
Piemonte;63;28126;29795
Piemonte;64;27249;29234
Piemonte;65;26688;28612
Piemonte;66;26016;28440
Piemonte;67;25148;27301
Piemonte;68;25088;27123
Piemonte;69;24130;26961
Piemonte;70;24990;28146
Piemonte;71;25200;28220
Piemonte;72;26158;29700
Piemonte;73;25399;28756
Piemonte;74;24281;27990
Piemonte;75;18223;21354
Piemonte;76;19072;22861
Piemonte;77;18274;22866
Piemonte;78;18173;22763
Piemonte;79;17694;22915
Piemonte;80;18708;24708
Piemonte;81;17935;24127
Piemonte;82;16777;22956
Piemonte;83;14480;20566
Piemonte;84;12519;18319
Piemonte;85;11474;17811
Piemonte;86;9704;16199
Piemonte;87;8066;14502
Piemonte;88;7037;13269
Piemonte;89;5928;11946
Piemonte;90;5141;10835
Piemonte;91;3770;8746
Piemonte;92;2768;7066
Piemonte;93;2077;5772
Piemonte;94;1369;4527
Piemonte;95;932;3321
Piemonte;96;657;2465
Piemonte;97;458;1862
Piemonte;98;292;1396
Piemonte;99;152;870
Piemonte;100;186;1098
Piemonte;Totale;2077405;2195805
Valle d'Aosta/Vallée d'Aoste;0;378;398
Valle d'Aosta/Vallée d'Aoste;1;415;418
Valle d'Aosta/Vallée d'Aoste;2;478;413
Valle d'Aosta/Vallée d'Aoste;3;476;420
Valle d'Aosta/Vallée d'Aoste;4;487;450
Valle d'Aosta/Vallée d'Aoste;5;486;476
Valle d'Aosta/Vallée d'Aoste;6;552;504
Valle d'Aosta/Vallée d'Aoste;7;512;512
Valle d'Aosta/Vallée d'Aoste;8;565;546
Valle d'Aosta/Vallée d'Aoste;9;606;575
Valle d'Aosta/Vallée d'Aoste;10;579;580
Valle d'Aosta/Vallée d'Aoste;11;639;578
Valle d'Aosta/Vallée d'Aoste;12;615;581
Valle d'Aosta/Vallée d'Aoste;13;624;582
Valle d'Aosta/Vallée d'Aoste;14;650;580
Valle d'Aosta/Vallée d'Aoste;15;581;559
Valle d'Aosta/Vallée d'Aoste;16;583;593
Valle d'Aosta/Vallée d'Aoste;17;595;592
Valle d'Aosta/Vallée d'Aoste;18;594;520
Valle d'Aosta/Vallée d'Aoste;19;633;554
Valle d'Aosta/Vallée d'Aoste;20;643;599
Valle d'Aosta/Vallée d'Aoste;21;621;572
Valle d'Aosta/Vallée d'Aoste;22;643;573
Valle d'Aosta/Vallée d'Aoste;23;580;564
Valle d'Aosta/Vallée d'Aoste;24;635;585
Valle d'Aosta/Vallée d'Aoste;25;610;559
Valle d'Aosta/Vallée d'Aoste;26;588;565
Valle d'Aosta/Vallée d'Aoste;27;593;563
Valle d'Aosta/Vallée d'Aoste;28;649;596
Valle d'Aosta/Vallée d'Aoste;29;624;578
Valle d'Aosta/Vallée d'Aoste;30;623;636
Valle d'Aosta/Vallée d'Aoste;31;669;588
Valle d'Aosta/Vallée d'Aoste;32;651;628
Valle d'Aosta/Vallée d'Aoste;33;619;633
Valle d'Aosta/Vallée d'Aoste;34;605;645
Valle d'Aosta/Vallée d'Aoste;35;654;651
Valle d'Aosta/Vallée d'Aoste;36;671;648
Valle d'Aosta/Vallée d'Aoste;37;693;678
Valle d'Aosta/Vallée d'Aoste;38;675;725
Valle d'Aosta/Vallée d'Aoste;39;649;669
Valle d'Aosta/Vallée d'Aoste;40;759;677
Valle d'Aosta/Vallée d'Aoste;41;723;700
Valle d'Aosta/Vallée d'Aoste;42;871;837
Valle d'Aosta/Vallée d'Aoste;43;837;821
Valle d'Aosta/Vallée d'Aoste;44;858;916
Valle d'Aosta/Vallée d'Aoste;45;886;953
Valle d'Aosta/Vallée d'Aoste;46;979;969
Valle d'Aosta/Vallée d'Aoste;47;985;1012
Valle d'Aosta/Vallée d'Aoste;48;975;1030
Valle d'Aosta/Vallée d'Aoste;49;1019;1077
Valle d'Aosta/Vallée d'Aoste;50;1011;1049
Valle d'Aosta/Vallée d'Aoste;51;1074;1124
Valle d'Aosta/Vallée d'Aoste;52;1032;1073
Valle d'Aosta/Vallée d'Aoste;53;1056;1105
Valle d'Aosta/Vallée d'Aoste;54;1084;1089
Valle d'Aosta/Vallée d'Aoste;55;1045;1047
Valle d'Aosta/Vallée d'Aoste;56;1131;1115
Valle d'Aosta/Vallée d'Aoste;57;1058;1012
Valle d'Aosta/Vallée d'Aoste;58;928;969
Valle d'Aosta/Vallée d'Aoste;59;984;936
Valle d'Aosta/Vallée d'Aoste;60;840;905
Valle d'Aosta/Vallée d'Aoste;61;900;946
Valle d'Aosta/Vallée d'Aoste;62;802;840
Valle d'Aosta/Vallée d'Aoste;63;810;835
Valle d'Aosta/Vallée d'Aoste;64;787;794
Valle d'Aosta/Vallée d'Aoste;65;743;852
Valle d'Aosta/Vallée d'Aoste;66;756;818
Valle d'Aosta/Vallée d'Aoste;67;779;760
Valle d'Aosta/Vallée d'Aoste;68;734;739
Valle d'Aosta/Vallée d'Aoste;69;727;756
Valle d'Aosta/Vallée d'Aoste;70;717;759
Valle d'Aosta/Vallée d'Aoste;71;728;820
Valle d'Aosta/Vallée d'Aoste;72;738;822
Valle d'Aosta/Vallée d'Aoste;73;724;718
Valle d'Aosta/Vallée d'Aoste;74;638;715
Valle d'Aosta/Vallée d'Aoste;75;470;588
Valle d'Aosta/Vallée d'Aoste;76;545;575
Valle d'Aosta/Vallée d'Aoste;77;539;600
Valle d'Aosta/Vallée d'Aoste;78;530;613
Valle d'Aosta/Vallée d'Aoste;79;489;625
Valle d'Aosta/Vallée d'Aoste;80;503;646
Valle d'Aosta/Vallée d'Aoste;81;446;616
Valle d'Aosta/Vallée d'Aoste;82;437;599
Valle d'Aosta/Vallée d'Aoste;83;367;537
Valle d'Aosta/Vallée d'Aoste;84;294;476
Valle d'Aosta/Vallée d'Aoste;85;267;433
Valle d'Aosta/Vallée d'Aoste;86;212;398
Valle d'Aosta/Vallée d'Aoste;87;197;404
Valle d'Aosta/Vallée d'Aoste;88;168;346
Valle d'Aosta/Vallée d'Aoste;89;144;313
Valle d'Aosta/Vallée d'Aoste;90;141;307
Valle d'Aosta/Vallée d'Aoste;91;107;236
Valle d'Aosta/Vallée d'Aoste;92;77;193
Valle d'Aosta/Vallée d'Aoste;93;51;156
Valle d'Aosta/Vallée d'Aoste;94;34;122
Valle d'Aosta/Vallée d'Aoste;95;34;79
Valle d'Aosta/Vallée d'Aoste;96;15;55
Valle d'Aosta/Vallée d'Aoste;97;10;53
Valle d'Aosta/Vallée d'Aoste;98;8;33
Valle d'Aosta/Vallée d'Aoste;99;5;28
Valle d'Aosta/Vallée d'Aoste;100;6;31
Valle d'Aosta/Vallée d'Aoste;Totale;60557;63338
Lombardia;0;35619;33755
Lombardia;1;37123;35513
Lombardia;2;39153;36903
Lombardia;3;41086;38610
Lombardia;4;42132;40251
Lombardia;5;43842;41234
Lombardia;6;44712;42514
Lombardia;7;45806;43009
Lombardia;8;47323;44607
Lombardia;9;48429;45588
Lombardia;10;50123;46607
Lombardia;11;50778;47888
Lombardia;12;50836;47919
Lombardia;13;50312;47306
Lombardia;14;50671;47410
Lombardia;15;49528;46305
Lombardia;16;49298;46947
Lombardia;17;48892;45479
Lombardia;18;48267;44944
Lombardia;19;49219;45736
Lombardia;20;50713;46379
Lombardia;21;50487;45813
Lombardia;22;51607;45757
Lombardia;23;50811;45990
Lombardia;24;50375;46107
Lombardia;25;49721;46135
Lombardia;26;50045;47042
Lombardia;27;50757;48418
Lombardia;28;52806;50148
Lombardia;29;53054;51044
Lombardia;30;54530;52612
Lombardia;31;54620;53471
Lombardia;32;56523;54555
Lombardia;33;55303;54040
Lombardia;34;55831;54536
Lombardia;35;57477;56506
Lombardia;36;59034;57591
Lombardia;37;60224;59329
Lombardia;38;62654;61411
Lombardia;39;63143;61796
Lombardia;40;64201;63101
Lombardia;41;65912;64666
Lombardia;42;69787;68080
Lombardia;43;72740;70978
Lombardia;44;75508;73658
Lombardia;45;80172;78601
Lombardia;46;82945;80678
Lombardia;47;82338;81168
Lombardia;48;83361;81445
Lombardia;49;83744;81232
Lombardia;50;82689;80853
Lombardia;51;84265;83240
Lombardia;52;84033;82542
Lombardia;53;83200;82753
Lombardia;54;84902;83978
Lombardia;55;83797;83563
Lombardia;56;83138;82893
Lombardia;57;76789;78156
Lombardia;58;72407;74458
Lombardia;59;69966;72318
Lombardia;60;67169;69873
Lombardia;61;64625;68282
Lombardia;62;61527;64908
Lombardia;63;59900;63696
Lombardia;64;58667;62490
Lombardia;65;55969;61398
Lombardia;66;54862;59734
Lombardia;67;52826;57561
Lombardia;68;51935;57600
Lombardia;69;50822;57213
Lombardia;70;52690;59076
Lombardia;71;52760;59518
Lombardia;72;53800;61600
Lombardia;73;51550;59539
Lombardia;74;52048;61002
Lombardia;75;37718;44800
Lombardia;76;39098;47971
Lombardia;77;37598;47188
Lombardia;78;37310;47710
Lombardia;79;36721;48414
Lombardia;80;38899;51406
Lombardia;81;36452;49385
Lombardia;82;33403;47106
Lombardia;83;28112;41304
Lombardia;84;23665;36510
Lombardia;85;22127;36044
Lombardia;86;18522;32374
Lombardia;87;15732;29310
Lombardia;88;13391;26603
Lombardia;89;11140;23582
Lombardia;90;9094;21285
Lombardia;91;6750;17346
Lombardia;92;5084;14199
Lombardia;93;3856;11557
Lombardia;94;2661;8992
Lombardia;95;1814;6958
Lombardia;96;1205;5189
Lombardia;97;818;3770
Lombardia;98;506;2615
Lombardia;99;303;1828
Lombardia;100;319;2284
Lombardia;Totale;4882206;5084786
Trentino-Alto Adige/Südtirol;0;4745;4474
Trentino-Alto Adige/Südtirol;1;4936;4571
Trentino-Alto Adige/Südtirol;2;5033;4733
Trentino-Alto Adige/Südtirol;3;5144;4883
Trentino-Alto Adige/Südtirol;4;5269;5032
Trentino-Alto Adige/Südtirol;5;5339;5063
Trentino-Alto Adige/Südtirol;6;5477;5172
Trentino-Alto Adige/Südtirol;7;5495;5147
Trentino-Alto Adige/Südtirol;8;5609;5276
Trentino-Alto Adige/Südtirol;9;5572;5337
Trentino-Alto Adige/Südtirol;10;5749;5348
Trentino-Alto Adige/Südtirol;11;5683;5300
Trentino-Alto Adige/Südtirol;12;5803;5502
Trentino-Alto Adige/Südtirol;13;5809;5353
Trentino-Alto Adige/Südtirol;14;5819;5459
Trentino-Alto Adige/Südtirol;15;5972;5423
Trentino-Alto Adige/Südtirol;16;5982;5598
Trentino-Alto Adige/Südtirol;17;5892;5415
Trentino-Alto Adige/Südtirol;18;5810;5404
Trentino-Alto Adige/Südtirol;19;6068;5499
Trentino-Alto Adige/Südtirol;20;6083;5766
Trentino-Alto Adige/Südtirol;21;6122;5738
Trentino-Alto Adige/Südtirol;22;6199;5856
Trentino-Alto Adige/Südtirol;23;6274;5752
Trentino-Alto Adige/Südtirol;24;6189;5830
Trentino-Alto Adige/Südtirol;25;6126;5605
Trentino-Alto Adige/Südtirol;26;6111;5821
Trentino-Alto Adige/Südtirol;27;6031;5746
Trentino-Alto Adige/Südtirol;28;6258;5938
Trentino-Alto Adige/Südtirol;29;6271;5944
Trentino-Alto Adige/Südtirol;30;6320;5946
Trentino-Alto Adige/Südtirol;31;6170;5944
Trentino-Alto Adige/Südtirol;32;6214;5997
Trentino-Alto Adige/Südtirol;33;6056;5944
Trentino-Alto Adige/Südtirol;34;6101;5881
Trentino-Alto Adige/Südtirol;35;6233;6018
Trentino-Alto Adige/Südtirol;36;6296;6031
Trentino-Alto Adige/Südtirol;37;6422;6283
Trentino-Alto Adige/Südtirol;38;6624;6483
Trentino-Alto Adige/Südtirol;39;6579;6450
Trentino-Alto Adige/Südtirol;40;6606;6568
Trentino-Alto Adige/Südtirol;41;6544;6685
Trentino-Alto Adige/Südtirol;42;6928;6981
Trentino-Alto Adige/Südtirol;43;6992;7025
Trentino-Alto Adige/Südtirol;44;7172;7384
Trentino-Alto Adige/Südtirol;45;7549;7784
Trentino-Alto Adige/Südtirol;46;8150;8112
Trentino-Alto Adige/Südtirol;47;8032;8227
Trentino-Alto Adige/Südtirol;48;8256;8278
Trentino-Alto Adige/Südtirol;49;8489;8566
Trentino-Alto Adige/Südtirol;50;8337;8447
Trentino-Alto Adige/Südtirol;51;8949;8658
Trentino-Alto Adige/Südtirol;52;8768;8649
Trentino-Alto Adige/Südtirol;53;8573;8785
Trentino-Alto Adige/Südtirol;54;8864;8871
Trentino-Alto Adige/Südtirol;55;9056;8772
Trentino-Alto Adige/Südtirol;56;8928;8839
Trentino-Alto Adige/Südtirol;57;8356;8283
Trentino-Alto Adige/Südtirol;58;7761;7940
Trentino-Alto Adige/Südtirol;59;7703;7971
Trentino-Alto Adige/Südtirol;60;7522;7482
Trentino-Alto Adige/Südtirol;61;7250;7221
Trentino-Alto Adige/Südtirol;62;6727;6855
Trentino-Alto Adige/Südtirol;63;6398;6863
Trentino-Alto Adige/Südtirol;64;6343;6467
Trentino-Alto Adige/Südtirol;65;5993;6201
Trentino-Alto Adige/Südtirol;66;5787;6031
Trentino-Alto Adige/Südtirol;67;5615;5934
Trentino-Alto Adige/Südtirol;68;5407;5815
Trentino-Alto Adige/Südtirol;69;5335;5555
Trentino-Alto Adige/Südtirol;70;5364;5849
Trentino-Alto Adige/Südtirol;71;5154;5482
Trentino-Alto Adige/Südtirol;72;5295;5657
Trentino-Alto Adige/Südtirol;73;4919;5618
Trentino-Alto Adige/Südtirol;74;5208;6030
Trentino-Alto Adige/Südtirol;75;3729;4247
Trentino-Alto Adige/Südtirol;76;4158;4887
Trentino-Alto Adige/Südtirol;77;4283;5142
Trentino-Alto Adige/Südtirol;78;4195;5045
Trentino-Alto Adige/Südtirol;79;4034;5000
Trentino-Alto Adige/Südtirol;80;3688;4828
Trentino-Alto Adige/Südtirol;81;3488;4540
Trentino-Alto Adige/Südtirol;82;3104;4198
Trentino-Alto Adige/Südtirol;83;2682;3685
Trentino-Alto Adige/Südtirol;84;2310;3489
Trentino-Alto Adige/Südtirol;85;2066;3350
Trentino-Alto Adige/Südtirol;86;1856;3090
Trentino-Alto Adige/Südtirol;87;1659;2817
Trentino-Alto Adige/Südtirol;88;1438;2567
Trentino-Alto Adige/Südtirol;89;1224;2271
Trentino-Alto Adige/Südtirol;90;1022;2194
Trentino-Alto Adige/Südtirol;91;743;1793
Trentino-Alto Adige/Südtirol;92;603;1484
Trentino-Alto Adige/Südtirol;93;472;1252
Trentino-Alto Adige/Südtirol;94;351;973
Trentino-Alto Adige/Südtirol;95;240;811
Trentino-Alto Adige/Südtirol;96;150;576
Trentino-Alto Adige/Südtirol;97;127;492
Trentino-Alto Adige/Südtirol;98;74;371
Trentino-Alto Adige/Südtirol;99;45;231
Trentino-Alto Adige/Südtirol;100;43;281
Trentino-Alto Adige/Südtirol;Totale;531999;546461
Veneto;0;17008;15727
Veneto;1;17201;16096
Veneto;2;18191;17201
Veneto;3;19039;17859
Veneto;4;19663;18448
Veneto;5;20114;19162
Veneto;6;20812;19879
Veneto;7;21357;20151
Veneto;8;22392;21195
Veneto;9;22758;21639
Veneto;10;23625;22181
Veneto;11;23969;22480
Veneto;12;24372;23026
Veneto;13;23998;22883
Veneto;14;24201;22789
Veneto;15;24169;22537
Veneto;16;24464;22927
Veneto;17;23930;22577
Veneto;18;23893;22178
Veneto;19;23929;22168
Veneto;20;24964;23213
Veneto;21;24563;22994
Veneto;22;25218;23048
Veneto;23;25210;23078
Veneto;24;24986;22877
Veneto;25;24796;22414
Veneto;26;24470;22897
Veneto;27;24259;23335
Veneto;28;25541;24039
Veneto;29;25173;24264
Veneto;30;25885;24555
Veneto;31;25383;24802
Veneto;32;25865;25537
Veneto;33;25194;24469
Veneto;34;25092;25044
Veneto;35;26344;26375
Veneto;36;26326;26449
Veneto;37;27243;26701
Veneto;38;27822;28219
Veneto;39;28651;28483
Veneto;40;29728;28952
Veneto;41;30728;30482
Veneto;42;32779;32616
Veneto;43;33805;34015
Veneto;44;35684;35272
Veneto;45;37560;36973
Veneto;46;39798;39459
Veneto;47;39578;39143
Veneto;48;40455;39419
Veneto;49;40559;40326
Veneto;50;40720;40139
Veneto;51;41772;41244
Veneto;52;41065;41053
Veneto;53;41418;41176
Veneto;54;41643;41593
Veneto;55;41636;41544
Veneto;56;41564;42272
Veneto;57;38997;39517
Veneto;58;37410;38011
Veneto;59;36406;37294
Veneto;60;34256;35272
Veneto;61;33995;34985
Veneto;62;31536;33039
Veneto;63;30888;32178
Veneto;64;29948;31829
Veneto;65;28664;30690
Veneto;66;28316;29954
Veneto;67;27257;28889
Veneto;68;26421;28541
Veneto;69;26099;27878
Veneto;70;26483;29440
Veneto;71;26133;28689
Veneto;72;26457;29658
Veneto;73;25450;28885
Veneto;74;27256;31056
Veneto;75;18082;21432
Veneto;76;20686;24431
Veneto;77;20390;24868
Veneto;78;19282;23946
Veneto;79;18722;23375
Veneto;80;18928;24464
Veneto;81;18058;23316
Veneto;82;16117;22361
Veneto;83;13849;19785
Veneto;84;11609;17979
Veneto;85;11020;17271
Veneto;86;9581;15918
Veneto;87;7785;13758
Veneto;88;6514;12931
Veneto;89;5480;11481
Veneto;90;4715;10724
Veneto;91;3476;8449
Veneto;92;2662;7460
Veneto;93;2062;6283
Veneto;94;1443;4779
Veneto;95;1037;3746
Veneto;96;690;2754
Veneto;97;504;2113
Veneto;98;295;1409
Veneto;99;188;940
Veneto;100;182;1210
Veneto;Totale;2377891;2474562
Friuli-Venezia Giulia;0;3780;3693
Friuli-Venezia Giulia;1;3857;3635
Friuli-Venezia Giulia;2;4014;3817
Friuli-Venezia Giulia;3;4214;4024
Friuli-Venezia Giulia;4;4468;4208
Friuli-Venezia Giulia;5;4459;4300
Friuli-Venezia Giulia;6;4807;4466
Friuli-Venezia Giulia;7;4879;4565
Friuli-Venezia Giulia;8;5040;4837
Friuli-Venezia Giulia;9;5275;4778
Friuli-Venezia Giulia;10;5358;5050
Friuli-Venezia Giulia;11;5391;5164
Friuli-Venezia Giulia;12;5450;5091
Friuli-Venezia Giulia;13;5454;5281
Friuli-Venezia Giulia;14;5434;5264
Friuli-Venezia Giulia;15;5476;5078
Friuli-Venezia Giulia;16;5381;5245
Friuli-Venezia Giulia;17;5501;5069
Friuli-Venezia Giulia;18;5390;5059
Friuli-Venezia Giulia;19;5613;5049
Friuli-Venezia Giulia;20;5694;5318
Friuli-Venezia Giulia;21;5580;5090
Friuli-Venezia Giulia;22;5695;5109
Friuli-Venezia Giulia;23;5596;5090
Friuli-Venezia Giulia;24;5810;5176
Friuli-Venezia Giulia;25;5618;5095
Friuli-Venezia Giulia;26;5582;5119
Friuli-Venezia Giulia;27;5707;5192
Friuli-Venezia Giulia;28;5981;5511
Friuli-Venezia Giulia;29;5970;5644
Friuli-Venezia Giulia;30;6107;5697
Friuli-Venezia Giulia;31;6026;5727
Friuli-Venezia Giulia;32;6168;5908
Friuli-Venezia Giulia;33;5815;5750
Friuli-Venezia Giulia;34;6037;5856
Friuli-Venezia Giulia;35;6299;6181
Friuli-Venezia Giulia;36;6508;6157
Friuli-Venezia Giulia;37;6509;6201
Friuli-Venezia Giulia;38;6819;6582
Friuli-Venezia Giulia;39;6939;6582
Friuli-Venezia Giulia;40;7196;6813
Friuli-Venezia Giulia;41;7397;7041
Friuli-Venezia Giulia;42;8009;7650
Friuli-Venezia Giulia;43;8063;7853
Friuli-Venezia Giulia;44;8410;8434
Friuli-Venezia Giulia;45;8991;8871
Friuli-Venezia Giulia;46;9700;9578
Friuli-Venezia Giulia;47;9470;9617
Friuli-Venezia Giulia;48;9838;9822
Friuli-Venezia Giulia;49;9842;9901
Friuli-Venezia Giulia;50;9790;10134
Friuli-Venezia Giulia;51;10042;9975
Friuli-Venezia Giulia;52;9990;9888
Friuli-Venezia Giulia;53;9978;10156
Friuli-Venezia Giulia;54;9951;10181
Friuli-Venezia Giulia;55;10177;10252
Friuli-Venezia Giulia;56;10327;10383
Friuli-Venezia Giulia;57;9620;10005
Friuli-Venezia Giulia;58;9177;9397
Friuli-Venezia Giulia;59;9001;9110
Friuli-Venezia Giulia;60;8716;8790
Friuli-Venezia Giulia;61;8458;8767
Friuli-Venezia Giulia;62;7866;8369
Friuli-Venezia Giulia;63;7572;8262
Friuli-Venezia Giulia;64;7593;8037
Friuli-Venezia Giulia;65;7402;7840
Friuli-Venezia Giulia;66;7137;7829
Friuli-Venezia Giulia;67;7042;7780
Friuli-Venezia Giulia;68;6806;7777
Friuli-Venezia Giulia;69;6736;7668
Friuli-Venezia Giulia;70;7156;8126
Friuli-Venezia Giulia;71;7053;7928
Friuli-Venezia Giulia;72;7476;8383
Friuli-Venezia Giulia;73;7249;8516
Friuli-Venezia Giulia;74;7663;8747
Friuli-Venezia Giulia;75;5165;5950
Friuli-Venezia Giulia;76;5928;7148
Friuli-Venezia Giulia;77;5766;6940
Friuli-Venezia Giulia;78;5524;7032
Friuli-Venezia Giulia;79;5503;6985
Friuli-Venezia Giulia;80;5625;7258
Friuli-Venezia Giulia;81;5025;6830
Friuli-Venezia Giulia;82;4635;6433
Friuli-Venezia Giulia;83;4036;5742
Friuli-Venezia Giulia;84;3347;5212
Friuli-Venezia Giulia;85;3057;4867
Friuli-Venezia Giulia;86;2447;4388
Friuli-Venezia Giulia;87;2173;3953
Friuli-Venezia Giulia;88;1811;3676
Friuli-Venezia Giulia;89;1567;3240
Friuli-Venezia Giulia;90;1385;3121
Friuli-Venezia Giulia;91;959;2518
Friuli-Venezia Giulia;92;765;2122
Friuli-Venezia Giulia;93;569;1828
Friuli-Venezia Giulia;94;418;1531
Friuli-Venezia Giulia;95;317;1168
Friuli-Venezia Giulia;96;245;909
Friuli-Venezia Giulia;97;170;705
Friuli-Venezia Giulia;98;102;499
Friuli-Venezia Giulia;99;74;417
Friuli-Venezia Giulia;100;72;463
Friuli-Venezia Giulia;Totale;583280;615473
Liguria;0;4479;4302
Liguria;1;4433;4230
Liguria;2;4639;4345
Liguria;3;5041;4690
Liguria;4;5185;4778
Liguria;5;5264;4990
Liguria;6;5660;5243
Liguria;7;5736;5256
Liguria;8;5959;5650
Liguria;9;5852;5567
Liguria;10;6081;5890
Liguria;11;6269;6200
Liguria;12;6474;6290
Liguria;13;6560;5920
Liguria;14;6479;6194
Liguria;15;6566;6072
Liguria;16;6516;6200
Liguria;17;6497;6001
Liguria;18;6654;6183
Liguria;19;6679;6342
Liguria;20;6985;6358
Liguria;21;7058;6207
Liguria;22;7201;6322
Liguria;23;7081;6402
Liguria;24;7364;6410
Liguria;25;7026;6411
Liguria;26;6947;6538
Liguria;27;7138;6623
Liguria;28;7573;6906
Liguria;29;7262;7008
Liguria;30;7370;7018
Liguria;31;7270;7026
Liguria;32;7429;7181
Liguria;33;7360;6925
Liguria;34;7290;6913
Liguria;35;7534;7271
Liguria;36;7457;7249
Liguria;37;7666;7393
Liguria;38;7683;7373
Liguria;39;7883;7824
Liguria;40;7793;7791
Liguria;41;7968;8312
Liguria;42;8551;9038
Liguria;43;9123;9503
Liguria;44;9805;9965
Liguria;45;10472;10673
Liguria;46;10995;11534
Liguria;47;11355;11563
Liguria;48;11994;12152
Liguria;49;12122;12298
Liguria;50;11982;12599
Liguria;51;12366;12831
Liguria;52;12505;12869
Liguria;53;12194;13050
Liguria;54;12806;13400
Liguria;55;13032;13653
Liguria;56;13240;13628
Liguria;57;12268;13015
Liguria;58;11710;12583
Liguria;59;11351;12138
Liguria;60;10960;11691
Liguria;61;10796;11630
Liguria;62;10270;11160
Liguria;63;10217;10923
Liguria;64;9874;10679
Liguria;65;9440;10428
Liguria;66;9410;10304
Liguria;67;9003;10014
Liguria;68;8676;9711
Liguria;69;8495;9824
Liguria;70;9132;10292
Liguria;71;8978;10630
Liguria;72;9505;11093
Liguria;73;9554;11412
Liguria;74;9419;11554
Liguria;75;6756;8299
Liguria;76;7494;9330
Liguria;77;7145;9017
Liguria;78;6990;9341
Liguria;79;7069;9486
Liguria;80;7423;10115
Liguria;81;6992;9809
Liguria;82;6533;9426
Liguria;83;5709;8571
Liguria;84;4924;7668
Liguria;85;4468;7348
Liguria;86;3917;6583
Liguria;87;3476;6145
Liguria;88;2993;5796
Liguria;89;2536;5245
Liguria;90;2226;4844
Liguria;91;1698;3985
Liguria;92;1337;3205
Liguria;93;985;2642
Liguria;94;673;2079
Liguria;95;486;1643
Liguria;96;319;1241
Liguria;97;218;909
Liguria;98;138;692
Liguria;99;99;437
Liguria;100;82;661
Liguria;Totale;723647;786158
Emilia-Romagna;0;15339;14555
Emilia-Romagna;1;15787;15213
Emilia-Romagna;2;17041;15853
Emilia-Romagna;3;17572;16330
Emilia-Romagna;4;18173;17261
Emilia-Romagna;5;18821;17778
Emilia-Romagna;6;19230;18206
Emilia-Romagna;7;19643;18788
Emilia-Romagna;8;20514;19119
Emilia-Romagna;9;20762;19701
Emilia-Romagna;10;21568;20183
Emilia-Romagna;11;21803;20669
Emilia-Romagna;12;21784;20447
Emilia-Romagna;13;21725;20215
Emilia-Romagna;14;21473;20076
Emilia-Romagna;15;21144;19816
Emilia-Romagna;16;20920;19680
Emilia-Romagna;17;20564;19089
Emilia-Romagna;18;20827;19195
Emilia-Romagna;19;20981;19293
Emilia-Romagna;20;21695;19527
Emilia-Romagna;21;21282;19259
Emilia-Romagna;22;21921;18942
Emilia-Romagna;23;21617;19428
Emilia-Romagna;24;21347;19591
Emilia-Romagna;25;21487;19497
Emilia-Romagna;26;21743;20174
Emilia-Romagna;27;22094;20474
Emilia-Romagna;28;23013;21891
Emilia-Romagna;29;23300;22193
Emilia-Romagna;30;23857;22960
Emilia-Romagna;31;23603;23071
Emilia-Romagna;32;24028;23297
Emilia-Romagna;33;23739;23546
Emilia-Romagna;34;23897;23949
Emilia-Romagna;35;24756;24809
Emilia-Romagna;36;25470;25297
Emilia-Romagna;37;25814;26007
Emilia-Romagna;38;26610;26719
Emilia-Romagna;39;26934;26868
Emilia-Romagna;40;27951;27745
Emilia-Romagna;41;28843;29271
Emilia-Romagna;42;30807;30978
Emilia-Romagna;43;32003;32306
Emilia-Romagna;44;33616;33836
Emilia-Romagna;45;35312;35607
Emilia-Romagna;46;37065;36824
Emilia-Romagna;47;36909;36964
Emilia-Romagna;48;37109;37099
Emilia-Romagna;49;37315;37305
Emilia-Romagna;50;36507;36993
Emilia-Romagna;51;36863;37396
Emilia-Romagna;52;36786;37028
Emilia-Romagna;53;36091;36514
Emilia-Romagna;54;36487;36802
Emilia-Romagna;55;35808;36476
Emilia-Romagna;56;36185;37158
Emilia-Romagna;57;33718;34875
Emilia-Romagna;58;32201;33958
Emilia-Romagna;59;31345;33284
Emilia-Romagna;60;30149;32367
Emilia-Romagna;61;29453;31608
Emilia-Romagna;62;27925;30089
Emilia-Romagna;63;27591;29933
Emilia-Romagna;64;27004;29420
Emilia-Romagna;65;25798;28225
Emilia-Romagna;66;24618;27767
Emilia-Romagna;67;23584;26483
Emilia-Romagna;68;22825;26255
Emilia-Romagna;69;22618;25609
Emilia-Romagna;70;23394;26939
Emilia-Romagna;71;23600;27061
Emilia-Romagna;72;24815;28373
Emilia-Romagna;73;24789;27780
Emilia-Romagna;74;24434;28352
Emilia-Romagna;75;16819;20071
Emilia-Romagna;76;18612;22118
Emilia-Romagna;77;18086;21851
Emilia-Romagna;78;17229;21395
Emilia-Romagna;79;17233;21554
Emilia-Romagna;80;17910;23513
Emilia-Romagna;81;17115;22738
Emilia-Romagna;82;16319;22113
Emilia-Romagna;83;14108;19261
Emilia-Romagna;84;11895;17297
Emilia-Romagna;85;11712;17435
Emilia-Romagna;86;10342;16358
Emilia-Romagna;87;8694;14301
Emilia-Romagna;88;7225;12572
Emilia-Romagna;89;6400;11720
Emilia-Romagna;90;5287;10823
Emilia-Romagna;91;4117;8693
Emilia-Romagna;92;3227;7541
Emilia-Romagna;93;2418;6380
Emilia-Romagna;94;1795;5006
Emilia-Romagna;95;1230;4071
Emilia-Romagna;96;930;3050
Emilia-Romagna;97;570;2325
Emilia-Romagna;98;398;1592
Emilia-Romagna;99;263;1108
Emilia-Romagna;100;282;1405
Emilia-Romagna;Totale;2165612;2279937
Toscana;0;11620;10864
Toscana;1;11830;11452
Toscana;2;12554;12178
Toscana;3;13464;12694
Toscana;4;13873;13201
Toscana;5;14386;13329
Toscana;6;14961;14201
Toscana;7;15209;14275
Toscana;8;15959;15332
Toscana;9;16240;15431
Toscana;10;16832;15927
Toscana;11;16912;15990
Toscana;12;17616;16283
Toscana;13;17470;16144
Toscana;14;17177;16140
Toscana;15;17175;16058
Toscana;16;17164;16045
Toscana;17;16802;15628
Toscana;18;16976;15747
Toscana;19;16991;15881
Toscana;20;17434;15935
Toscana;21;17335;15459
Toscana;22;17769;15707
Toscana;23;17570;15794
Toscana;24;17403;15940
Toscana;25;17278;15913
Toscana;26;17186;16220
Toscana;27;17588;16424
Toscana;28;18363;17559
Toscana;29;18297;17519
Toscana;30;19233;18267
Toscana;31;18807;18334
Toscana;32;19496;19119
Toscana;33;18866;18737
Toscana;34;18618;19142
Toscana;35;19542;20003
Toscana;36;19980;20162
Toscana;37;20504;20814
Toscana;38;21182;21302
Toscana;39;21398;21692
Toscana;40;22124;22268
Toscana;41;22978;23501
Toscana;42;24374;24944
Toscana;43;25257;25920
Toscana;44;26284;27315
Toscana;45;27793;28683
Toscana;46;29122;30094
Toscana;47;29100;30274
Toscana;48;29623;30280
Toscana;49;29661;30647
Toscana;50;29441;29749
Toscana;51;29877;30910
Toscana;52;29227;30656
Toscana;53;29335;30926
Toscana;54;30027;31066
Toscana;55;29852;31100
Toscana;56;30026;31498
Toscana;57;27952;29387
Toscana;58;26870;28396
Toscana;59;26027;28055
Toscana;60;25481;26986
Toscana;61;24766;26336
Toscana;62;23320;25779
Toscana;63;22853;25053
Toscana;64;22428;24723
Toscana;65;21769;24364
Toscana;66;21415;24111
Toscana;67;20466;22584
Toscana;68;20096;22525
Toscana;69;20044;22171
Toscana;70;20518;22935
Toscana;71;21112;24031
Toscana;72;22359;25473
Toscana;73;21893;25535
Toscana;74;21843;25497
Toscana;75;16605;19753
Toscana;76;16278;19541
Toscana;77;15975;19601
Toscana;78;14860;18660
Toscana;79;14802;19204
Toscana;80;15991;21316
Toscana;81;15126;19952
Toscana;82;14544;19716
Toscana;83;12250;17550
Toscana;84;10595;15436
Toscana;85;10130;15248
Toscana;86;8592;13524
Toscana;87;7467;12355
Toscana;88;6317;11287
Toscana;89;5493;10261
Toscana;90;4679;9646
Toscana;91;3575;7801
Toscana;92;2767;6702
Toscana;93;2160;5433
Toscana;94;1581;4258
Toscana;95;1016;3385
Toscana;96;776;2592
Toscana;97;517;1850
Toscana;98;315;1338
Toscana;99;213;919
Toscana;100;218;1176
Toscana;Totale;1773215;1895118
Umbria;0;2728;2551
Umbria;1;2783;2732
Umbria;2;2951;2736
Umbria;3;3081;2928
Umbria;4;3268;3115
Umbria;5;3295;3141
Umbria;6;3508;3339
Umbria;7;3696;3450
Umbria;8;3750;3716
Umbria;9;3849;3700
Umbria;10;4013;3741
Umbria;11;3990;3719
Umbria;12;4137;4012
Umbria;13;4187;3929
Umbria;14;4149;3860
Umbria;15;4111;3841
Umbria;16;3977;3796
Umbria;17;4033;3639
Umbria;18;3913;3780
Umbria;19;3964;3671
Umbria;20;4003;3854
Umbria;21;4247;3656
Umbria;22;4253;3714
Umbria;23;4200;3748
Umbria;24;4216;3810
Umbria;25;4153;3800
Umbria;26;4126;3919
Umbria;27;4265;4014
Umbria;28;4482;4190
Umbria;29;4408;4120
Umbria;30;4453;4337
Umbria;31;4529;4413
Umbria;32;4697;4653
Umbria;33;4578;4465
Umbria;34;4578;4637
Umbria;35;4685;4837
Umbria;36;4767;4862
Umbria;37;5150;5158
Umbria;38;5157;5077
Umbria;39;5240;5292
Umbria;40;5308;5292
Umbria;41;5453;5558
Umbria;42;5652;5922
Umbria;43;5982;6094
Umbria;44;6164;6251
Umbria;45;6331;6668
Umbria;46;6642;6986
Umbria;47;6689;6868
Umbria;48;6507;6875
Umbria;49;6615;7002
Umbria;50;6586;6775
Umbria;51;6711;7117
Umbria;52;6618;7145
Umbria;53;6550;7043
Umbria;54;6619;6968
Umbria;55;6893;7225
Umbria;56;6891;7258
Umbria;57;6301;6959
Umbria;58;6193;6711
Umbria;59;6243;6600
Umbria;60;6030;6574
Umbria;61;5804;6301
Umbria;62;5502;5945
Umbria;63;5334;5860
Umbria;64;5437;5937
Umbria;65;5277;5796
Umbria;66;5084;5726
Umbria;67;5043;5547
Umbria;68;4686;5308
Umbria;69;4937;5522
Umbria;70;5023;5544
Umbria;71;5138;5702
Umbria;72;5475;6060
Umbria;73;4980;5600
Umbria;74;4705;5392
Umbria;75;3699;4343
Umbria;76;3798;4681
Umbria;77;4048;4720
Umbria;78;3635;4326
Umbria;79;3559;4369
Umbria;80;3861;4778
Umbria;81;3534;4755
Umbria;82;3525;4686
Umbria;83;2840;4211
Umbria;84;2475;3749
Umbria;85;2353;3645
Umbria;86;2138;3397
Umbria;87;1924;3055
Umbria;88;1587;2655
Umbria;89;1397;2623
Umbria;90;1102;2412
Umbria;91;784;1921
Umbria;92;647;1659
Umbria;93;513;1433
Umbria;94;386;1079
Umbria;95;271;925
Umbria;96;213;632
Umbria;97;134;453
Umbria;98;91;313
Umbria;99;65;223
Umbria;100;46;289
Umbria;Totale;417598;447415
Marche;0;4908;4589
Marche;1;5012;4602
Marche;2;5216;4917
Marche;3;5507;5221
Marche;4;5921;5505
Marche;5;6020;5812
Marche;6;6275;5902
Marche;7;6505;5951
Marche;8;6602;6234
Marche;9;6838;6632
Marche;10;7043;6575
Marche;11;7226;6789
Marche;12;7275;6800
Marche;13;7154;6720
Marche;14;7054;6664
Marche;15;7012;6642
Marche;16;7127;6560
Marche;17;6973;6629
Marche;18;7154;6606
Marche;19;7102;6636
Marche;20;7556;6747
Marche;21;7492;6819
Marche;22;7795;6823
Marche;23;7613;6895
Marche;24;7523;6821
Marche;25;7581;6899
Marche;26;7509;6881
Marche;27;7499;7127
Marche;28;7900;7383
Marche;29;7850;7284
Marche;30;7960;7621
Marche;31;7840;7624
Marche;32;7890;7855
Marche;33;7826;7567
Marche;34;8068;7863
Marche;35;8035;8207
Marche;36;8213;8213
Marche;37;8405;8543
Marche;38;8861;8868
Marche;39;8953;8912
Marche;40;9340;9262
Marche;41;9581;9790
Marche;42;10327;10321
Marche;43;10506;10725
Marche;44;10962;10883
Marche;45;11375;11616
Marche;46;11730;11713
Marche;47;11468;11706
Marche;48;11672;11727
Marche;49;11925;12222
Marche;50;11645;11781
Marche;51;11838;12446
Marche;52;11787;12128
Marche;53;11767;12251
Marche;54;11870;12277
Marche;55;11910;12117
Marche;56;12215;12510
Marche;57;11406;11961
Marche;58;11045;11155
Marche;59;11068;11422
Marche;60;10523;11131
Marche;61;10108;10970
Marche;62;9832;10567
Marche;63;9526;10399
Marche;64;9502;10528
Marche;65;9104;10101
Marche;66;8902;9634
Marche;67;8552;9410
Marche;68;8595;9260
Marche;69;8595;9460
Marche;70;8748;9541
Marche;71;8323;9237
Marche;72;8469;9536
Marche;73;8161;9095
Marche;74;7950;9234
Marche;75;6558;7506
Marche;76;6178;7333
Marche;77;6422;7628
Marche;78;5876;7256
Marche;79;5649;7300
Marche;80;6273;8202
Marche;81;6225;8199
Marche;82;5922;8166
Marche;83;5161;7037
Marche;84;4336;6479
Marche;85;4185;6430
Marche;86;3661;5724
Marche;87;3112;5260
Marche;88;2514;4513
Marche;89;2333;4421
Marche;90;1915;3898
Marche;91;1490;3055
Marche;92;1166;2637
Marche;93;925;2287
Marche;94;647;1882
Marche;95;510;1449
Marche;96;285;1032
Marche;97;230;741
Marche;98;149;530
Marche;99;90;386
Marche;100;104;465
Marche;Totale;730536;770870
Lazio;0;19509;18672
Lazio;1;19792;18500
Lazio;2;21760;20606
Lazio;3;22887;21420
Lazio;4;23939;22625
Lazio;5;24359;23432
Lazio;6;25595;23889
Lazio;7;25939;24491
Lazio;8;27325;25970
Lazio;9;27366;25843
Lazio;10;28078;26462
Lazio;11;28343;26431
Lazio;12;28180;27024
Lazio;13;28655;26788
Lazio;14;28289;26664
Lazio;15;27483;25826
Lazio;16;27743;26006
Lazio;17;27352;25910
Lazio;18;27076;25331
Lazio;19;27379;25515
Lazio;20;28159;25859
Lazio;21;27981;25471
Lazio;22;28734;25747
Lazio;23;28558;25885
Lazio;24;28893;26121
Lazio;25;29176;26381
Lazio;26;29105;26895
Lazio;27;29235;27695
Lazio;28;30709;28983
Lazio;29;30265;29003
Lazio;30;31174;29932
Lazio;31;31153;30270
Lazio;32;32066;31547
Lazio;33;31568;31660
Lazio;34;31950;31659
Lazio;35;33269;33339
Lazio;36;34635;34247
Lazio;37;35326;35011
Lazio;38;36337;36660
Lazio;39;36415;37423
Lazio;40;37229;38028
Lazio;41;38306;39399
Lazio;42;40303;41683
Lazio;43;41086;42439
Lazio;44;42518;44627
Lazio;45;44719;46892
Lazio;46;46141;49086
Lazio;47;46264;48973
Lazio;48;46558;49564
Lazio;49;46461;49630
Lazio;50;46629;49373
Lazio;51;46951;50352
Lazio;52;46268;49889
Lazio;53;46106;50111
Lazio;54;46896;49712
Lazio;55;46717;49675
Lazio;56;47155;50699
Lazio;57;43952;47560
Lazio;58;41956;45476
Lazio;59;40666;44327
Lazio;60;38731;42572
Lazio;61;37282;41293
Lazio;62;35492;39582
Lazio;63;34727;38778
Lazio;64;33990;37713
Lazio;65;33128;37121
Lazio;66;32119;36506
Lazio;67;30195;34369
Lazio;68;29245;33370
Lazio;69;28546;32947
Lazio;70;29047;33655
Lazio;71;28813;33542
Lazio;72;29794;35383
Lazio;73;29372;34617
Lazio;74;27761;33853
Lazio;75;21209;26397
Lazio;76;20965;26151
Lazio;77;21157;27435
Lazio;78;20136;26231
Lazio;79;19811;26148
Lazio;80;20825;28417
Lazio;81;19488;26735
Lazio;82;17821;25250
Lazio;83;15520;22678
Lazio;84;13542;20555
Lazio;85;12701;19702
Lazio;86;10801;18062
Lazio;87;9213;15925
Lazio;88;7724;14124
Lazio;89;6739;12708
Lazio;90;5685;11905
Lazio;91;4222;9143
Lazio;92;3176;7627
Lazio;93;2406;6188
Lazio;94;1828;4981
Lazio;95;1248;3747
Lazio;96;932;2864
Lazio;97;664;2144
Lazio;98;437;1459
Lazio;99;250;1062
Lazio;100;349;1440
Lazio;Totale;2761729;2959067
Abruzzo;0;4252;4013
Abruzzo;1;4282;4119
Abruzzo;2;4507;4314
Abruzzo;3;4887;4544
Abruzzo;4;5150;4840
Abruzzo;5;5205;4853
Abruzzo;6;5321;5010
Abruzzo;7;5388;5068
Abruzzo;8;5625;5345
Abruzzo;9;5796;5315
Abruzzo;10;5887;5621
Abruzzo;11;5818;5450
Abruzzo;12;6009;5677
Abruzzo;13;5873;5639
Abruzzo;14;5885;5501
Abruzzo;15;5870;5661
Abruzzo;16;6031;5584
Abruzzo;17;6012;5560
Abruzzo;18;5946;5478
Abruzzo;19;6134;5708
Abruzzo;20;6416;5655
Abruzzo;21;6318;5746
Abruzzo;22;6462;5979
Abruzzo;23;6563;5860
Abruzzo;24;6505;6153
Abruzzo;25;6544;5967
Abruzzo;26;6669;6318
Abruzzo;27;6963;6429
Abruzzo;28;7187;6742
Abruzzo;29;7140;6714
Abruzzo;30;7203;6884
Abruzzo;31;7312;6801
Abruzzo;32;7310;7046
Abruzzo;33;7139;7001
Abruzzo;34;7350;7134
Abruzzo;35;7511;7384
Abruzzo;36;7751;7460
Abruzzo;37;7711;7474
Abruzzo;38;7953;7948
Abruzzo;39;7935;7869
Abruzzo;40;8245;7976
Abruzzo;41;8550;8326
Abruzzo;42;8927;8633
Abruzzo;43;8962;8738
Abruzzo;44;9254;9179
Abruzzo;45;9360;9631
Abruzzo;46;9946;9811
Abruzzo;47;9602;9892
Abruzzo;48;9931;10184
Abruzzo;49;10004;10483
Abruzzo;50;9863;10222
Abruzzo;51;10344;10607
Abruzzo;52;10271;10513
Abruzzo;53;10237;10696
Abruzzo;54;10368;10770
Abruzzo;55;10392;10784
Abruzzo;56;10556;10694
Abruzzo;57;9773;10243
Abruzzo;58;9385;9894
Abruzzo;59;9027;9865
Abruzzo;60;8935;9607
Abruzzo;61;8778;9505
Abruzzo;62;8484;9131
Abruzzo;63;8341;8996
Abruzzo;64;8357;8703
Abruzzo;65;8136;8880
Abruzzo;66;7940;8676
Abruzzo;67;7430;8141
Abruzzo;68;7364;8044
Abruzzo;69;7260;8170
Abruzzo;70;7532;8230
Abruzzo;71;7586;8407
Abruzzo;72;7508;8561
Abruzzo;73;7178;7945
Abruzzo;74;6895;7640
Abruzzo;75;4955;5843
Abruzzo;76;5350;6140
Abruzzo;77;4944;6005
Abruzzo;78;4735;5747
Abruzzo;79;4645;5690
Abruzzo;80;5082;6458
Abruzzo;81;4889;6442
Abruzzo;82;4317;5767
Abruzzo;83;4078;5592
Abruzzo;84;3530;5116
Abruzzo;85;3258;4939
Abruzzo;86;2762;4562
Abruzzo;87;2546;4344
Abruzzo;88;2094;3639
Abruzzo;89;1797;3414
Abruzzo;90;1615;3162
Abruzzo;91;1185;2476
Abruzzo;92;902;2077
Abruzzo;93;734;1779
Abruzzo;94;484;1345
Abruzzo;95;351;1029
Abruzzo;96;264;820
Abruzzo;97;166;607
Abruzzo;98;114;431
Abruzzo;99;93;280
Abruzzo;100;78;402
Abruzzo;Totale;627509;657747
Molise;0;916;803
Molise;1;971;898
Molise;2;935;913
Molise;3;1081;995
Molise;4;1023;986
Molise;5;1102;1016
Molise;6;1141;999
Molise;7;1115;1068
Molise;8;1172;1073
Molise;9;1163;1153
Molise;10;1286;1162
Molise;11;1181;1085
Molise;12;1307;1162
Molise;13;1275;1207
Molise;14;1259;1213
Molise;15;1327;1211
Molise;16;1363;1198
Molise;17;1353;1249
Molise;18;1353;1315
Molise;19;1411;1317
Molise;20;1459;1381
Molise;21;1563;1366
Molise;22;1681;1410
Molise;23;1646;1399
Molise;24;1580;1472
Molise;25;1606;1489
Molise;26;1710;1505
Molise;27;1718;1581
Molise;28;1757;1640
Molise;29;1767;1551
Molise;30;1718;1581
Molise;31;1701;1577
Molise;32;1756;1591
Molise;33;1806;1582
Molise;34;1725;1547
Molise;35;1736;1650
Molise;36;1746;1628
Molise;37;1813;1647
Molise;38;1813;1749
Molise;39;1857;1750
Molise;40;1787;1752
Molise;41;1912;1843
Molise;42;1945;1912
Molise;43;1978;1968
Molise;44;2125;1906
Molise;45;2191;2118
Molise;46;2261;2217
Molise;47;2123;2190
Molise;48;2186;2227
Molise;49;2186;2209
Molise;50;2195;2216
Molise;51;2274;2370
Molise;52;2287;2370
Molise;53;2329;2468
Molise;54;2364;2488
Molise;55;2392;2454
Molise;56;2518;2508
Molise;57;2355;2307
Molise;58;2229;2304
Molise;59;2273;2215
Molise;60;2264;2339
Molise;61;2137;2253
Molise;62;1972;2210
Molise;63;2033;2116
Molise;64;2073;2076
Molise;65;1999;2076
Molise;66;1956;2136
Molise;67;1829;1912
Molise;68;1856;1996
Molise;69;1719;1832
Molise;70;1855;1963
Molise;71;1943;2020
Molise;72;1851;1976
Molise;73;1728;1897
Molise;74;1631;1697
Molise;75;1210;1380
Molise;76;1154;1349
Molise;77;1048;1258
Molise;78;1041;1192
Molise;79;1056;1368
Molise;80;1153;1522
Molise;81;1168;1619
Molise;82;992;1307
Molise;83;939;1347
Molise;84;862;1349
Molise;85;792;1259
Molise;86;749;1208
Molise;87;646;1104
Molise;88;516;944
Molise;89;456;821
Molise;90;397;852
Molise;91;315;652
Molise;92;207;542
Molise;93;169;498
Molise;94;123;381
Molise;95;89;279
Molise;96;68;221
Molise;97;50;150
Molise;98;40;129
Molise;99;30;93
Molise;100;28;117
Molise;Totale;145946;150601
Campania;0;23079;21803
Campania;1;23426;22364
Campania;2;24319;22649
Campania;3;25189;24004
Campania;4;25380;23953
Campania;5;25693;24383
Campania;6;26267;24517
Campania;7;26473;25415
Campania;8;28054;26194
Campania;9;28577;26813
Campania;10;29570;27535
Campania;11;29976;28638
Campania;12;30338;29033
Campania;13;31054;29590
Campania;14;31540;29481
Campania;15;31654;29921
Campania;16;32853;30898
Campania;17;32890;31532
Campania;18;32842;31188
Campania;19;34015;31621
Campania;20;34683;32422
Campania;21;34944;32378
Campania;22;35158;32235
Campania;23;34951;32306
Campania;24;34977;32740
Campania;25;34370;33269
Campania;26;34849;33394
Campania;27;35134;34125
Campania;28;36388;35640
Campania;29;35904;35259
Campania;30;35555;34994
Campania;31;35205;34859
Campania;32;35550;35468
Campania;33;34854;33967
Campania;34;34302;33985
Campania;35;35394;34401
Campania;36;35274;35619
Campania;37;35656;35813
Campania;38;36812;36496
Campania;39;36002;36546
Campania;40;36807;36779
Campania;41;37258;37954
Campania;42;38216;39105
Campania;43;39039;39830
Campania;44;40372;41473
Campania;45;41899;42693
Campania;46;42920;44678
Campania;47;42076;44229
Campania;48;42240;44533
Campania;49;42216;45074
Campania;50;41526;44371
Campania;51;42792;45273
Campania;52;42553;45458
Campania;53;42921;46019
Campania;54;43291;46244
Campania;55;43219;46122
Campania;56;44065;47098
Campania;57;40971;44454
Campania;58;39813;43522
Campania;59;38854;42557
Campania;60;37030;40791
Campania;61;36654;39833
Campania;62;34519;37816
Campania;63;34042;37223
Campania;64;32168;35660
Campania;65;32756;35579
Campania;66;31887;35410
Campania;67;29302;32116
Campania;68;28218;31000
Campania;69;28171;30833
Campania;70;28134;31361
Campania;71;27703;31337
Campania;72;28050;31858
Campania;73;26545;30530
Campania;74;26315;30430
Campania;75;21031;24714
Campania;76;17360;21034
Campania;77;17974;22868
Campania;78;16678;21437
Campania;79;15248;20584
Campania;80;16238;22065
Campania;81;15016;21216
Campania;82;13068;19130
Campania;83;11811;17594
Campania;84;9857;15894
Campania;85;9282;15257
Campania;86;7789;13368
Campania;87;7045;12515
Campania;88;5925;10970
Campania;89;4820;9596
Campania;90;4046;8750
Campania;91;3029;6791
Campania;92;2306;5643
Campania;93;1657;4419
Campania;94;1242;3320
Campania;95;815;2604
Campania;96;596;1865
Campania;97;401;1363
Campania;98;277;923
Campania;99;163;676
Campania;100;240;865
Campania;Totale;2767607;2912152
Puglia;0;13700;12720
Puglia;1;13944;13143
Puglia;2;14724;13612
Puglia;3;15094;14502
Puglia;4;15739;14830
Puglia;5;15820;15091
Puglia;6;16788;15606
Puglia;7;16990;16024
Puglia;8;17731;16514
Puglia;9;18205;17140
Puglia;10;18768;17765
Puglia;11;19032;17893
Puglia;12;19321;18165
Puglia;13;19597;18318
Puglia;14;19506;18630
Puglia;15;20066;18775
Puglia;16;20493;19765
Puglia;17;20742;19853
Puglia;18;20862;19880
Puglia;19;21725;20273
Puglia;20;22237;20900
Puglia;21;22563;20482
Puglia;22;22475;20543
Puglia;23;22300;20539
Puglia;24;22254;20839
Puglia;25;22160;20736
Puglia;26;22180;20875
Puglia;27;22649;21410
Puglia;28;23445;22307
Puglia;29;22943;21850
Puglia;30;22934;21683
Puglia;31;22135;21947
Puglia;32;22948;22234
Puglia;33;22306;21938
Puglia;34;22268;21663
Puglia;35;22004;21991
Puglia;36;22550;22998
Puglia;37;22988;22946
Puglia;38;23445;24030
Puglia;39;23724;24519
Puglia;40;24662;24959
Puglia;41;26067;26242
Puglia;42;26954;27094
Puglia;43;28045;28264
Puglia;44;28949;29464
Puglia;45;29811;30238
Puglia;46;30137;31360
Puglia;47;29262;30390
Puglia;48;28982;29809
Puglia;49;29627;30580
Puglia;50;29346;30451
Puglia;51;29711;31618
Puglia;52;29836;31682
Puglia;53;30357;31914
Puglia;54;30530;32227
Puglia;55;30236;32471
Puglia;56;30816;32797
Puglia;57;28333;30645
Puglia;58;27611;29791
Puglia;59;27288;29521
Puglia;60;26562;28623
Puglia;61;25671;28118
Puglia;62;23985;26889
Puglia;63;24480;26977
Puglia;64;23659;26300
Puglia;65;23401;26044
Puglia;66;22782;25145
Puglia;67;21879;24282
Puglia;68;20868;23294
Puglia;69;21432;23946
Puglia;70;22017;24638
Puglia;71;21801;24360
Puglia;72;22646;25848
Puglia;73;21123;24115
Puglia;74;20258;23847
Puglia;75;17024;19762
Puglia;76;14919;17962
Puglia;77;14593;17724
Puglia;78;14490;17959
Puglia;79;13422;16768
Puglia;80;14030;17898
Puglia;81;13127;17551
Puglia;82;11854;16297
Puglia;83;10527;15116
Puglia;84;9120;13511
Puglia;85;8524;12922
Puglia;86;7530;11878
Puglia;87;6356;10640
Puglia;88;5421;9527
Puglia;89;4609;8388
Puglia;90;3991;7713
Puglia;91;2858;6013
Puglia;92;2271;5045
Puglia;93;1735;4149
Puglia;94;1170;3105
Puglia;95;873;2326
Puglia;96;629;1645
Puglia;97;419;1299
Puglia;98;287;871
Puglia;99;159;568
Puglia;100;199;806
Puglia;Totale;1910616;2016315
Basilicata;0;1820;1668
Basilicata;1;1905;1699
Basilicata;2;1837;1792
Basilicata;3;2041;1848
Basilicata;4;2040;1912
Basilicata;5;2034;1952
Basilicata;6;2052;1990
Basilicata;7;2096;1922
Basilicata;8;2313;2097
Basilicata;9;2251;2117
Basilicata;10;2317;2204
Basilicata;11;2454;2261
Basilicata;12;2528;2317
Basilicata;13;2502;2278
Basilicata;14;2576;2372
Basilicata;15;2531;2385
Basilicata;16;2621;2606
Basilicata;17;2770;2509
Basilicata;18;2839;2632
Basilicata;19;2926;2612
Basilicata;20;3070;2664
Basilicata;21;3007;2726
Basilicata;22;3072;2672
Basilicata;23;3040;2706
Basilicata;24;3074;2748
Basilicata;25;3088;2780
Basilicata;26;3096;2914
Basilicata;27;3203;2891
Basilicata;28;3397;3145
Basilicata;29;3242;3115
Basilicata;30;3443;3162
Basilicata;31;3351;3052
Basilicata;32;3279;3137
Basilicata;33;3304;3028
Basilicata;34;3197;2974
Basilicata;35;3372;3077
Basilicata;36;3396;3190
Basilicata;37;3287;3181
Basilicata;38;3272;3275
Basilicata;39;3334;3208
Basilicata;40;3367;3223
Basilicata;41;3439;3266
Basilicata;42;3718;3461
Basilicata;43;3621;3716
Basilicata;44;3977;3848
Basilicata;45;3920;4037
Basilicata;46;4117;4043
Basilicata;47;4017;3997
Basilicata;48;4018;4193
Basilicata;49;4067;4215
Basilicata;50;4092;4305
Basilicata;51;4310;4303
Basilicata;52;4287;4405
Basilicata;53;4410;4558
Basilicata;54;4194;4516
Basilicata;55;4354;4503
Basilicata;56;4491;4684
Basilicata;57;4271;4381
Basilicata;58;4337;4404
Basilicata;59;4129;4371
Basilicata;60;4002;4320
Basilicata;61;3863;4117
Basilicata;62;3786;3913
Basilicata;63;3517;4013
Basilicata;64;3713;3936
Basilicata;65;3642;3691
Basilicata;66;3545;3782
Basilicata;67;3314;3428
Basilicata;68;3158;3458
Basilicata;69;3086;3390
Basilicata;70;3270;3411
Basilicata;71;3277;3423
Basilicata;72;3240;3609
Basilicata;73;2864;3290
Basilicata;74;2615;2951
Basilicata;75;1928;2371
Basilicata;76;1947;2259
Basilicata;77;1887;2229
Basilicata;78;1753;2282
Basilicata;79;1703;2248
Basilicata;80;2033;2538
Basilicata;81;1993;2668
Basilicata;82;1832;2477
Basilicata;83;1726;2433
Basilicata;84;1542;2241
Basilicata;85;1358;2138
Basilicata;86;1280;2044
Basilicata;87;1076;1822
Basilicata;88;900;1545
Basilicata;89;794;1346
Basilicata;90;655;1303
Basilicata;91;525;1024
Basilicata;92;412;831
Basilicata;93;311;672
Basilicata;94;203;550
Basilicata;95;150;393
Basilicata;96;110;247
Basilicata;97;95;202
Basilicata;98;66;155
Basilicata;99;37;120
Basilicata;100;29;112
Basilicata;Totale;269350;278229
Calabria;0;7104;6838
Calabria;1;7197;6896
Calabria;2;7550;7137
Calabria;3;7820;7460
Calabria;4;7980;7565
Calabria;5;8130;7717
Calabria;6;8269;7726
Calabria;7;8171;7831
Calabria;8;8505;7911
Calabria;9;8595;8049
Calabria;10;8764;8434
Calabria;11;9039;8423
Calabria;12;8918;8735
Calabria;13;9174;8551
Calabria;14;9443;8798
Calabria;15;9338;8708
Calabria;16;9648;8979
Calabria;17;9638;9026
Calabria;18;9647;8900
Calabria;19;9943;9382
Calabria;20;10386;9564
Calabria;21;10450;9478
Calabria;22;10598;9727
Calabria;23;10346;9598
Calabria;24;10638;9738
Calabria;25;10598;10057
Calabria;26;10905;10203
Calabria;27;11259;10632
Calabria;28;11381;11105
Calabria;29;11395;10862
Calabria;30;11682;11135
Calabria;31;11818;11245
Calabria;32;11999;11586
Calabria;33;11682;11530
Calabria;34;11598;11335
Calabria;35;11680;11405
Calabria;36;12051;11370
Calabria;37;11811;11475
Calabria;38;11925;11841
Calabria;39;11951;11816
Calabria;40;12114;11935
Calabria;41;12308;12360
Calabria;42;12563;12430
Calabria;43;12542;12968
Calabria;44;13252;13494
Calabria;45;13219;13461
Calabria;46;13250;13740
Calabria;47;13286;13689
Calabria;48;13188;13972
Calabria;49;13307;14291
Calabria;50;13224;14123
Calabria;51;13832;15059
Calabria;52;13745;14696
Calabria;53;13875;14907
Calabria;54;13848;15031
Calabria;55;13792;14858
Calabria;56;14430;15449
Calabria;57;13539;14591
Calabria;58;13458;14603
Calabria;59;13311;14386
Calabria;60;13227;14199
Calabria;61;12897;13806
Calabria;62;11979;12857
Calabria;63;12463;13042
Calabria;64;11918;12670
Calabria;65;11848;12560
Calabria;66;11818;12416
Calabria;67;11089;11665
Calabria;68;10387;11053
Calabria;69;10455;11318
Calabria;70;10683;11455
Calabria;71;10579;11365
Calabria;72;10453;11582
Calabria;73;10102;11131
Calabria;74;9075;10212
Calabria;75;6975;7847
Calabria;76;6921;7736
Calabria;77;6565;7751
Calabria;78;6392;7622
Calabria;79;5990;7230
Calabria;80;6570;8203
Calabria;81;6146;7873
Calabria;82;5448;7456
Calabria;83;5036;6876
Calabria;84;4524;6675
Calabria;85;4251;6315
Calabria;86;3797;5783
Calabria;87;3518;5467
Calabria;88;2841;4868
Calabria;89;2353;4240
Calabria;90;2011;3665
Calabria;91;1487;2982
Calabria;92;1176;2372
Calabria;93;887;1937
Calabria;94;689;1586
Calabria;95;466;1200
Calabria;96;338;934
Calabria;97;242;674
Calabria;98;146;466
Calabria;99;74;320
Calabria;100;136;447
Calabria;Totale;919061;958667
Sicilia;0;19325;18133
Sicilia;1;19401;18149
Sicilia;2;20228;19111
Sicilia;3;20813;19534
Sicilia;4;20676;19761
Sicilia;5;21420;20299
Sicilia;6;22016;20861
Sicilia;7;21699;20654
Sicilia;8;22670;21783
Sicilia;9;22782;21750
Sicilia;10;23528;22559
Sicilia;11;24205;22910
Sicilia;12;24620;23370
Sicilia;13;24421;23265
Sicilia;14;25319;23351
Sicilia;15;25566;24038
Sicilia;16;26044;24492
Sicilia;17;25946;24601
Sicilia;18;26131;24655
Sicilia;19;27196;25046
Sicilia;20;28417;25306
Sicilia;21;28512;25983
Sicilia;22;27903;25578
Sicilia;23;27828;25699
Sicilia;24;27681;26084
Sicilia;25;27782;26327
Sicilia;26;28355;26790
Sicilia;27;28888;27789
Sicilia;28;29965;28724
Sicilia;29;29296;28252
Sicilia;30;29421;28472
Sicilia;31;29204;28712
Sicilia;32;29496;28800
Sicilia;33;28732;28068
Sicilia;34;28763;28051
Sicilia;35;28719;28573
Sicilia;36;29306;29287
Sicilia;37;28970;28798
Sicilia;38;29904;29873
Sicilia;39;29798;30095
Sicilia;40;30926;31183
Sicilia;41;31043;31681
Sicilia;42;32084;32485
Sicilia;43;32350;33212
Sicilia;44;33909;34744
Sicilia;45;34832;35653
Sicilia;46;35906;37162
Sicilia;47;35152;36588
Sicilia;48;35315;36794
Sicilia;49;35738;37807
Sicilia;50;35129;37684
Sicilia;51;36620;38540
Sicilia;52;35900;38228
Sicilia;53;36310;38512
Sicilia;54;35960;38389
Sicilia;55;35460;38215
Sicilia;56;36565;39033
Sicilia;57;34396;37075
Sicilia;58;34018;37119
Sicilia;59;33074;36183
Sicilia;60;32833;36359
Sicilia;61;31353;34285
Sicilia;62;30190;33293
Sicilia;63;29977;33246
Sicilia;64;29065;32447
Sicilia;65;29198;31913
Sicilia;66;28345;32000
Sicilia;67;26194;29255
Sicilia;68;25691;28944
Sicilia;69;25432;28326
Sicilia;70;25882;29258
Sicilia;71;25705;29327
Sicilia;72;26300;30165
Sicilia;73;25569;29589
Sicilia;74;22850;27029
Sicilia;75;19073;22539
Sicilia;76;17717;21501
Sicilia;77;16484;20374
Sicilia;78;15705;20127
Sicilia;79;15185;19819
Sicilia;80;16575;22260
Sicilia;81;15490;20764
Sicilia;82;13884;19476
Sicilia;83;11794;16980
Sicilia;84;10788;15859
Sicilia;85;9835;15120
Sicilia;86;8899;14258
Sicilia;87;7873;12829
Sicilia;88;6250;11092
Sicilia;89;5239;9873
Sicilia;90;4728;9223
Sicilia;91;3291;6917
Sicilia;92;2586;5830
Sicilia;93;1914;4335
Sicilia;94;1403;3689
Sicilia;95;1016;2720
Sicilia;96;709;2124
Sicilia;97;455;1390
Sicilia;98;299;1000
Sicilia;99;187;628
Sicilia;100;227;1020
Sicilia;Totale;2353823;2487053
Sardegna;0;4334;3943
Sardegna;1;4440;4288
Sardegna;2;4766;4452
Sardegna;3;5184;4826
Sardegna;4;5406;5021
Sardegna;5;5706;5250
Sardegna;6;5842;5432
Sardegna;7;5952;5661
Sardegna;8;6342;5866
Sardegna;9;6616;6243
Sardegna;10;6842;6369
Sardegna;11;6922;6347
Sardegna;12;6840;6474
Sardegna;13;6787;6491
Sardegna;14;6955;6427
Sardegna;15;7019;6463
Sardegna;16;6884;6364
Sardegna;17;7118;6631
Sardegna;18;6948;6598
Sardegna;19;7133;6756
Sardegna;20;7575;6844
Sardegna;21;7655;6707
Sardegna;22;7542;6554
Sardegna;23;7533;6669
Sardegna;24;7722;6723
Sardegna;25;7888;6974
Sardegna;26;7868;7126
Sardegna;27;8002;7435
Sardegna;28;8275;7766
Sardegna;29;8547;7865
Sardegna;30;8702;8230
Sardegna;31;8753;8150
Sardegna;32;8849;8348
Sardegna;33;8831;8449
Sardegna;34;8812;8553
Sardegna;35;9254;8832
Sardegna;36;9485;8911
Sardegna;37;9506;9327
Sardegna;38;10174;9742
Sardegna;39;10012;9944
Sardegna;40;10676;10108
Sardegna;41;10540;10446
Sardegna;42;11737;11256
Sardegna;43;11973;11449
Sardegna;44;12357;12079
Sardegna;45;12868;12733
Sardegna;46;13685;13077
Sardegna;47;13626;13157
Sardegna;48;13350;13074
Sardegna;49;13025;13405
Sardegna;50;13150;12959
Sardegna;51;13429;13506
Sardegna;52;12884;13328
Sardegna;53;13448;13602
Sardegna;54;13468;13791
Sardegna;55;13482;13699
Sardegna;56;13701;14045
Sardegna;57;12864;13627
Sardegna;58;12583;13256
Sardegna;59;12222;13060
Sardegna;60;12041;12430
Sardegna;61;11635;12292
Sardegna;62;11421;12061
Sardegna;63;11298;12117
Sardegna;64;11063;11878
Sardegna;65;10707;11445
Sardegna;66;10849;11566
Sardegna;67;10297;10963
Sardegna;68;10018;10855
Sardegna;69;9707;10691
Sardegna;70;9740;10641
Sardegna;71;9400;10267
Sardegna;72;9354;10488
Sardegna;73;8907;10022
Sardegna;74;8323;9202
Sardegna;75;7508;8742
Sardegna;76;7154;8523
Sardegna;77;6586;8397
Sardegna;78;6717;8397
Sardegna;79;5963;7768
Sardegna;80;6349;8479
Sardegna;81;5828;7698
Sardegna;82;4960;6955
Sardegna;83;4363;6349
Sardegna;84;3980;5974
Sardegna;85;3294;5413
Sardegna;86;3249;5183
Sardegna;87;2901;4806
Sardegna;88;2321;4247
Sardegna;89;1987;3621
Sardegna;90;1744;3426
Sardegna;91;1260;2848
Sardegna;92;998;2345
Sardegna;93;723;1823
Sardegna;94;580;1457
Sardegna;95;360;1045
Sardegna;96;273;867
Sardegna;97;216;574
Sardegna;98;150;449
Sardegna;99;88;275
Sardegna;100;100;437
Sardegna;Totale;784501;813724
